﻿Nombre,Apellido,Especialidad
Claudio,Arriagada V.,Traumatologia - Cadera/Pelvis
Pablo,Morales G.,Traumatologia - Cadera/Pelvis
Andres,Villaseca Nahmias,Traumatologia - Cadera/Pelvis
Cristobal,Meirovich W.,Traumatologia - Cadera/Pelvis
Christian,Foronda Peñailillo,Traumatologia - Cadera/Pelvis
Rodrigo,Aguila G.,Cardiologia - Adulto
Joyse,Aguayo Figueroa,Cardiologia - Adulto
Freddy,Diaz M.,Cardiologia - Adulto
Wilfredo,Prado Gonzales,Cardiologia - Adulto
Alvaro,Escobar I.,Cardiologia - Adulto
Ingrid,Morales Pauletti,Cardiologia - Adulto
Alvaro,Campos G.,Cardiologia - Adulto
Daniel,Requena O.,Cardiologia - Adulto
Rodrigo,Isa Param,Cardiologia - Adulto
Ricardo,Madariaga Romo,Cardiologia - Adulto
Humberto,Dighero Traverso,Cardiologia - Adulto
Victor,Perez Leon,Cardiologia - Adulto
Ines,Barquin D. Cuadra,Cardiologia - Adulto
Victor Alejandro,Rossel Mariangel,Cardiologia - Adulto
Luis Felipe,Parada Iglesias,Dermatologia
Ruperto,Ruiz Rios,Dermatologia
Maria,Vazquez L.,Dermatologia
Ester Ida,Avayu Hirnheimer,Dermatologia
Miluska,Sota Mercado,Dermatologia
Nicolas,Moya Gonzalez,Dermatologia
Alvaro, R.,Neurología
Rodrigo,Cirujano 
